anchor_jid,d_F_retrieved,d_F_control_mean
JVASP-12729,1.6456256798176272,1.422237335648631
JVASP-44621,0.27371349939317907,1.118465311642961
JVASP-15850,0.18436189232485634,1.6034982258996127
JVASP-51724,1.7370458942881857,1.4522987694078155
JVASP-44616,1.0608653440615394,1.2083464056671558
JVASP-14881,0.6211931867242668,1.0563894165413221
JVASP-35960,2.085790452782586,1.8639281918426183
JVASP-54702,0.8505769967009535,1.0625413768213954
JVASP-13856,0.5870923964457844,0.8961782412013303
JVASP-51066,1.4148772625972508,1.5577967904485637
JVASP-12305,1.330001240344197,2.143964629227398
JVASP-16294,1.3303958999160619,1.2827243615614452
JVASP-18124,0.9558379370571162,1.2679578758873666
JVASP-79580,0.37739595960363065,1.0404145006960435
JVASP-37969,1.2387708955490504,0.9927398653538864
JVASP-17545,1.0283971666438676,1.2159925176955537
JVASP-20246,1.4760070979314857,1.3081109165620346
JVASP-37017,1.1196261138236767,1.6856687577077445
JVASP-25083,2.7697207275352103,2.7168090422334954
JVASP-37129,1.294791978399004,1.3038138885122985
JVASP-10151,2.241006579089796,1.6887208667355664
JVASP-16864,1.2060505267495014,1.3321319031047696
JVASP-20385,1.9806507846041441,1.6941514150176595
JVASP-15290,1.3487121854455286,1.5080628511673402
JVASP-49759,1.4934476723456442,1.2755936764740903
JVASP-18509,1.529248253042263,1.2137668353067863
JVASP-43204,0.26592915787941024,1.2785405128267726
JVASP-78486,0.3909778614727064,1.111980801409617
JVASP-9615,2.2604450772340603,1.594438209644037
JVASP-68111,0.8026061059167395,0.8568793233714551
JVASP-23490,1.118422858361142,1.1805951425510766
JVASP-46119,1.0349578490223112,1.1659696860478732
JVASP-51030,0.9240371593058554,0.7737884579915583
JVASP-8014,0.9026657042501826,1.1931085441101636
JVASP-15853,1.0007250813831967,1.3809315181778588
JVASP-17909,0.4607897324256591,1.3035819415482524
JVASP-8670,0.5936584647995736,1.0878232301002122
JVASP-57370,1.4350060540999325,1.6710336897696023
JVASP-54754,2.195909113494008,1.6342429789403983
JVASP-12386,0.5146898345219503,1.2758537787718998
JVASP-15071,2.118278070301122,2.169122974511809
JVASP-46893,0.7945487965982645,1.0303285477065127
JVASP-25774,0.9871307913478151,1.0678973436652897
JVASP-12800,2.7365159290560452,1.3734237957515925
JVASP-80946,1.676558800281819,1.5252103475244763
JVASP-15884,1.0579522979579759,1.1504451152653747
JVASP-10230,0.8183305933629161,1.3791079587262023
JVASP-15716,1.935392513894138,1.7776327262173819
JVASP-40662,1.0570745216596855,1.8377552567591326
JVASP-35883,1.0860700851396858,1.1548042908920189
JVASP-33867,1.0030032604599592,1.318247404796971
JVASP-16049,1.255541180287882,1.387342033688951
JVASP-41745,2.2311152238354532,2.014699376127968
JVASP-25848,0.9423360591554053,1.3801864632321201
JVASP-50993,0.6392914552764826,1.4593829998916967
JVASP-15659,1.2261907972046497,1.2571615596827201
JVASP-40889,1.6222162984552824,1.7140894798102668
JVASP-48466,1.4761812133896959,1.7470891114579712
JVASP-40101,1.2223053779447701,1.3325746835294834
JVASP-55439,0.8157069000345417,1.2107971460457319
JVASP-47538,1.3492743984741413,1.774238241237501
JVASP-41311,1.3854279132531393,1.2071555552918467
JVASP-35396,1.5968288106693465,1.6102559446466724
JVASP-15705,0.8657096495436396,1.461200022181187
JVASP-32903,1.425082535326127,1.1845183840537998
JVASP-42355,1.2564676628360771,1.8365918263900134
JVASP-35438,1.2086261805965604,1.3104859728059373
JVASP-8635,1.1641541435308262,0.9197660935265249
JVASP-63216,1.0381620178288256,1.4962044588439052
JVASP-15832,1.0209802869562423,1.2413675674007236
JVASP-39273,0.9926884819737604,0.763093399874467
JVASP-39724,1.9244302144490646,1.9886855358851023
JVASP-53592,1.586639993922013,1.593741950300977
JVASP-25021,2.229915839840387,1.2259519563213293
JVASP-14848,0.8457168287798907,1.133026887561587
JVASP-11431,0.3450852983953881,1.0202042409919114
JVASP-45259,1.2654003350430556,1.2501726947956409
JVASP-38433,1.0741386548122909,1.229106557198171
JVASP-35175,0.9510304418223275,1.2463356955244245
JVASP-57454,1.2580931868797045,1.0680879021662817
JVASP-18686,2.1573880061529453,2.2165503388103693
JVASP-45249,0.9582860079056329,1.2114072683651294
JVASP-40857,1.2530621818812884,0.9922159770383017
JVASP-42812,1.4623568805164453,1.9468318409258694
JVASP-58994,1.1066077962787002,1.563000273913603
JVASP-39143,1.1391852093055241,1.2070756974216448
JVASP-16896,4.585020352135568,4.74228435286833
JVASP-36935,0.9011809526947929,1.1494941202160394
JVASP-51209,3.07345506287073,3.0960017933705783
JVASP-18237,0.8649232216557556,1.1108689583313618
JVASP-8623,1.8424138557626497,1.0744742189994747
JVASP-22648,0.576325766177954,0.7825420585167622
JVASP-34219,0.6678631573072249,1.6459052076972007
JVASP-28557,1.8367989530870577,1.5493220919004906
JVASP-18243,1.3446191741736222,1.5580401612712445
JVASP-39085,2.233535119887759,1.1592981614247158
JVASP-36024,2.1589779923843335,2.273559637554837
JVASP-9961,0.6670326265276628,1.464018608097883
JVASP-16580,1.0456334385613308,1.2233112113359443
JVASP-10085,1.7568595782161012,1.6835042148730668
JVASP-50120,2.5710082731150274,2.691788586716376
JVASP-29788,1.394724765050798,1.8323797508497663
JVASP-7707,1.422100047296667,1.4523271469766519
JVASP-8420,0.25906401818992886,0.8211451328535968
JVASP-53194,0.7646276997276197,1.6331852309171655
JVASP-12189,1.2976779806153358,1.119390018980708
JVASP-28474,0.32468598170416807,1.1329819180249885
JVASP-34312,1.719919221309772,1.5597647615924304
JVASP-44551,1.225477958271809,1.273184258678071
JVASP-17396,1.5713500011840371,1.360836036313439
JVASP-47070,0.5305631010350824,1.5266321580332725
JVASP-59491,0.058191090635971957,0.992479930546871
JVASP-17642,1.928003661123286,2.095280255097836
JVASP-17657,0.8793454271463842,1.0112068619415635
JVASP-7723,1.1718133846294652,1.3592840778722208
JVASP-50453,1.1033120548749167,1.0243023983891164
JVASP-41030,1.4937716078584282,1.393477341827086
JVASP-31665,1.6334805253687392,1.5180517195798555
JVASP-14710,1.636375249349202,1.7258368204890246
JVASP-2074,1.3753970040921701,0.895580911334686
JVASP-54469,1.4936315866051908,1.7885366511154284
JVASP-46956,1.3254704087712692,1.0566378200928845
JVASP-41496,1.412339519649747,1.5389688090183844
JVASP-36056,0.11745404280469379,0.7829649378489303
JVASP-36023,1.7776703228697048,1.8510420440342212
JVASP-17505,1.0641067523061367,1.1533821207848276
JVASP-37227,1.2759049233758462,0.9205760759588969
JVASP-20474,1.452776887015705,1.7459128769000745
JVASP-46852,1.2060841613225697,1.2381157911009284
JVASP-23438,1.0288595370390357,1.5617691204235737
JVASP-33846,2.1889842114154763,1.5145822170448127
JVASP-54491,0.8195724452903458,1.4579007167345055
JVASP-59202,1.3171463976535422,1.436816129288923
JVASP-24629,2.5336019271825396,1.3816309107167868
JVASP-43751,0.8288644448173165,0.8927244820278857
JVASP-38628,2.196281065647891,2.250155794620622
JVASP-21327,1.1650767820094285,0.8645921778658581
JVASP-63965,0.9218048804304179,1.0292700709211569
JVASP-22977,0.7613519628589521,1.498929914778271
JVASP-1543,1.3702000664672471,1.5979470229381607
JVASP-22499,1.5588160883744382,1.8063363874962868
JVASP-8825,1.3254704087712692,1.4327666536310686
JVASP-18075,0.8580720544657955,1.083548031988775
JVASP-26809,1.1990928042764133,1.5112420263965443
JVASP-20933,1.0703465610509673,2.3193884430632616
JVASP-2379,1.455626898054431,1.5380669816297872
JVASP-5500,1.2635970776701386,1.100991946805445
JVASP-9759,1.1551772086327927,1.3526227819576577
JVASP-9415,2.1534394919532156,1.1329627846263552
JVASP-67862,1.0300629343059104,1.3590046104698457
JVASP-44655,0.9636099937595933,1.39537823520793
JVASP-48537,1.936172988279451,1.5691571307359526
JVASP-10291,1.1421470343363735,1.4571440134814149
JVASP-19660,1.6708850715268337,1.8042704416402693
JVASP-23050,2.50431381924009,1.521795290769124
JVASP-38534,3.6223194246702293,1.1999203931493891
JVASP-7792,2.2446682941748732,1.616159917931847
JVASP-51734,2.0382549482566255,1.1529787151874673
JVASP-39785,1.8830228639787014,1.9829203082179672
JVASP-20297,2.3355964444620154,1.009926948596485
JVASP-10657,1.3775283393120934,1.3211438932140005
JVASP-57,2.7528648847169244,1.6244815308025473
JVASP-12635,1.1852736532381074,0.9486863218193056
JVASP-42852,1.4142833256617158,1.5192346545181832
JVASP-35997,1.371523949196689,1.2022148817376686
JVASP-14902,2.0385029403817256,1.1283708372830157
JVASP-42075,1.1703981602270754,1.43059600168274
JVASP-44128,1.3551969531388528,1.9170773635189255
JVASP-40954,1.8384289002748413,1.5314476677103737
JVASP-20102,1.4813604848065016,1.0413171929267087
JVASP-37808,2.1147079287873716,1.9233376998770098
JVASP-33829,0.8175247491593298,1.4065866915082008
JVASP-35086,1.6625053237068155,1.1298765636348171
JVASP-37242,1.1108164598053278,1.11979298773748
JVASP-49667,0.5745269984469435,1.7825601137062517
JVASP-53263,1.1327195382846453,1.3076929023188244
JVASP-1750,1.1313143324958892,1.4315008271715859
JVASP-26048,0.6783077622688618,1.226361525380415
JVASP-16073,0.731192906968856,1.2842107961379645
JVASP-29490,0.7169889374432771,1.1766871964450876
JVASP-49409,0.9075308909947405,1.4199910442943025
JVASP-48315,0.22383099786650199,0.4604588485289579
JVASP-46940,1.547546666611969,1.1564742865152327
JVASP-22921,0.4394799996556102,0.9189052062514131
JVASP-17163,0.7908803167351193,1.1348220734065877
JVASP-51666,1.421563551847009,1.049629347343725
JVASP-49763,2.3865684110413006,1.9931074020515056
JVASP-19674,1.225402119000617,0.9184607027745709
JVASP-15966,1.6231915474113539,1.727425460696876
JVASP-15080,2.0005494713648373,1.973516099823588
JVASP-35424,1.2584354573859602,1.1636218832658853
JVASP-18404,0.8822539994505082,1.3737902243693036
JVASP-20640,1.97066573583747,1.7701492775543746
JVASP-10806,1.3838377918912912,1.5865573268008548
JVASP-43012,0.4656869376662677,1.0837796464097929
JVASP-78680,1.2700193540239575,1.3439930079861178
JVASP-27075,0.9689496967629726,1.0241647271761003
JVASP-40351,2.6987845741478482,2.7445462194213635
JVASP-39767,1.62444981459786,1.6315055582260825
JVASP-34797,1.0602139555897203,1.4887940172463403
JVASP-20161,1.1308639602478585,1.258501345150212
JVASP-22884,0.8746735864524068,1.1300824397262694
JVASP-16394,0.9227873598886066,1.0405515651484571
JVASP-40242,1.2044857349509124,1.1432938576228133
JVASP-40617,1.2714050770105456,1.3329526243925653
JVASP-15010,1.063864370164667,1.2775251750188377
JVASP-14020,0.9670557466557768,0.9779474435901954
JVASP-35182,0.8542924657267335,1.1423047899054872
JVASP-19899,1.1524721077166638,1.1301627827652598
JVASP-8700,0.8819957277838725,1.027622365497774
JVASP-14775,0.9404178547966177,1.1661774507520346
JVASP-32329,1.1742222087104306,1.4862331463046956
JVASP-20807,0.4936711944164915,1.218862378534723
JVASP-35972,0.20030323113503282,1.1271475310997952
JVASP-36020,0.9030456390562864,1.0753224968880488
JVASP-40055,1.5041671176361788,1.5972089036401491
JVASP-38354,1.2341430732238636,0.9665387603427424
JVASP-40974,2.46382909105873,2.502567623669525
JVASP-41317,1.306718024027144,1.476749877626587
JVASP-40241,2.7848071042476024,2.809471894753615
JVASP-34251,1.371523949196689,1.35647218646421
JVASP-35645,1.5002243566955664,1.2045319225642583
JVASP-46291,1.0641048045333354,1.3705881840044216
JVASP-42767,0.9974004790877293,1.3141821868676336
JVASP-56457,1.4386813734833444,1.480661024904795
JVASP-32465,1.2636101298361364,1.7612812190586944
JVASP-8661,1.342853468731291,0.9371540105831491
JVASP-45802,0.36904616490775116,1.2386196538028402
JVASP-37411,1.5610643388271508,1.23224777740852
JVASP-23865,1.0190206638793342,1.727179077924759
JVASP-29257,1.018689507261401,1.316497094229713
JVASP-21610,0.968394967770041,1.1365706188779634
JVASP-38851,1.44581290862024,1.155149380301359
JVASP-45877,1.179910975618256,1.2050116430068987
JVASP-25044,2.778119951416879,2.2770459783745487
JVASP-33758,1.3336655785347435,1.6003931279080372
JVASP-22437,0.9275434705211703,1.07128623698024
JVASP-16805,1.0634930452874956,1.170355981529988
JVASP-38521,1.6625324480093275,1.7769462871598698
JVASP-36275,1.004848673103829,1.1343830680206233
JVASP-22893,1.2477307666991067,1.1865482881569427
JVASP-8586,1.5474798868729587,1.5731543676541924
JVASP-37155,2.053379265786705,1.6780137774493689
JVASP-51708,1.6191230830033834,1.5260910537785473
JVASP-16613,1.529047321171179,1.3400192398663548
JVASP-20580,1.2569753377564152,1.3431663223630355
JVASP-82132,1.755166504768942,1.7595874699368543
JVASP-21747,1.1235766832753253,1.1539657770126914
JVASP-18322,2.22565823344333,2.423828711537715
JVASP-14611,1.0028136170457114,0.848702887207339
JVASP-35040,0.9182266864349579,1.024187461416065
JVASP-36334,2.403451796129487,2.3770491740559843
JVASP-42729,1.1756595603451456,0.8663034184309002
JVASP-31987,1.3427838004670147,1.7284846255409316
JVASP-29084,0.2159857281746744,1.1052290869603936
JVASP-40996,1.5854219735130786,1.4122553218910217
JVASP-24263,1.26042424295782,1.6024601134307623
JVASP-22722,1.2154734422667715,1.3714459990387815
JVASP-37928,2.4862923104437495,2.558572440615304
JVASP-55441,1.0463166054617625,1.1432583208532903
JVASP-18117,1.5338345435538516,1.1795611301831603
JVASP-24612,0.9829926810118227,1.854231007478904
JVASP-37255,1.0973379636480185,1.2418735124127929
JVASP-25792,1.3712877237004593,1.6932431531954482
JVASP-40043,1.4790333312522599,1.567041257897558
JVASP-29861,2.905677370540482,3.319766030605399
JVASP-57251,1.606026895114362,1.4216900551367542
JVASP-41351,0.9591152689178536,1.1474219408364594
JVASP-23508,1.0576133606198337,1.293527271621333
JVASP-9512,1.51938599157035,1.7848031285634065
JVASP-46867,1.3046320817942778,0.9068659560043315
JVASP-19974,1.6950932969067138,1.6620346188698327
JVASP-10720,2.237788026655481,1.9491541042143528
JVASP-12360,1.3736696283339551,1.2263853874432846
JVASP-41899,1.3436325352535003,1.451552285588468
JVASP-16418,0.85620960980518,1.072100736521442
JVASP-22394,0.8191122620301521,0.9606387976058726
JVASP-46395,2.5374120614287476,2.343086596063277
JVASP-19081,1.05478800142189,1.3416688701989734
JVASP-23044,1.0715349227706883,1.131292098561173
JVASP-20179,1.345245590304712,1.2013431180238976
JVASP-52437,0.999982372789786,1.168528395952254
JVASP-53234,1.118968277935247,1.0799290047212504
JVASP-23344,0.8746735864524068,1.2107263282354335
JVASP-16289,0.9173587054592568,1.1546814911753456
JVASP-22652,1.490206773310492,1.440292547559712
JVASP-37648,1.829919475529716,2.015393567355792
JVASP-45923,1.2153096946095034,0.8611887745919102
JVASP-3864,1.84271837098593,1.8622347432890567
JVASP-18312,1.0156194710854103,1.3471609479205384
JVASP-46914,0.29740678818052707,1.2574343146075433
JVASP-36251,0.8544044710768138,1.00254803058886
JVASP-38994,1.1946797736760493,1.346149487233743
JVASP-16591,0.9635371616116036,1.0615781459012101
JVASP-21842,0.800254132820313,1.1505332045542984
JVASP-10226,2.327107274337212,1.824921018504988
JVASP-17885,1.1626191559750962,0.8387764060182115
JVASP-48301,1.3852200554099927,1.1585824915227585
JVASP-17727,0.8990579315350472,1.010535466604048
JVASP-9398,1.7868326717063208,2.044637243867062
JVASP-60702,0.8973084110328299,1.2216206275140629
JVASP-78857,2.3202602582145997,2.063550147079868
JVASP-20907,1.5127164768505912,1.4229008269100007
JVASP-37751,2.821295023821004,0.7717161319810032
JVASP-17186,0.5974264733469118,0.980825699128844
JVASP-46644,1.2565419511990494,1.7781465778645458
JVASP-49229,0.9709871574742083,1.7530477872734338
JVASP-13918,2.7026237275782616,1.1583257560660125
JVASP-54726,0.9166231117165108,1.220139689320114
JVASP-42840,0.8609825255048708,1.3780972111606724
JVASP-13404,1.5572107633638494,1.382785917301268
JVASP-25648,1.2796327842859379,1.0857216550928297
JVASP-10209,2.0807772879425914,2.0961564162233177
JVASP-8057,2.3642163480309604,1.7847296822719236
JVASP-11484,0.6593204684378249,0.8521130021827427
JVASP-15939,2.0911193554176593,1.2273755612473016
JVASP-51436,2.389291001469375,1.848360389203044
JVASP-40037,1.7561026498757104,1.8521124382592695
JVASP-1792,1.830850576222831,1.9706662097154684
JVASP-15256,0.9835591688140601,1.1066405677159687
JVASP-18713,1.0631055198909662,1.2157326063914933
JVASP-40273,1.4209886436224788,1.46340935936201
JVASP-66614,2.296672241456387,0.8793571482397053
JVASP-17693,1.0501061161190628,1.1496417531600955
JVASP-18998,0.3219584966288015,1.0094369856573198
JVASP-12563,1.2133468870209145,1.2970724618115357
JVASP-16480,1.1369981033835523,1.1494113702818474
JVASP-24314,2.0887198670483746,1.9454386936879846
JVASP-29532,1.1848428672977622,1.2110653714009327
JVASP-9122,1.311441916024958,1.6014276375913945
JVASP-35600,0.6911953766247108,1.2449215061060193
JVASP-63679,1.198536488191125,1.3943754182954784
JVASP-20862,1.052447741336997,1.5286201993939543
JVASP-21451,1.2860513923540102,1.309977626691516
JVASP-43961,0.7840257508744425,1.549095167433054
JVASP-21446,1.1177034551395064,1.1175464869595912
JVASP-45881,1.1378523878474718,1.7908972026430097
JVASP-2661,1.275389153143458,1.406092590024784
JVASP-57160,2.3245465017147096,1.415149218652171
JVASP-39043,2.0478568898555474,2.1108478983996712
JVASP-20068,1.0250098582229015,1.182941692516677
JVASP-41791,1.4398812580118692,1.5421073603778572
JVASP-13883,0.16339227819959024,1.2790164257814567
JVASP-13289,1.4421114330455058,1.5257696514586236
JVASP-14518,1.2649352017182125,1.1067944313749367
JVASP-13888,1.4092227910836332,1.089877504787347
JVASP-41972,1.6006771104625264,1.7101361492344451
JVASP-25175,1.5301160480899882,0.7835143775695279
JVASP-22958,1.185388019919201,1.2747231965399628
JVASP-79799,0.45500911359975343,0.920708605826784
JVASP-14883,1.3147471930990535,0.9967664610880055
JVASP-5785,1.8017996433508556,1.5794153567136828
JVASP-23769,0.9728146391207085,1.1522346445984384
JVASP-21242,1.2842653558739052,1.631092594404884
JVASP-43094,1.2593619650519638,1.5849167499988877
JVASP-42017,1.3239210507390555,1.4099195030311773
JVASP-38366,1.7005100607526031,1.7240463572084288
JVASP-39592,1.1744935093291426,1.1228394699207356
JVASP-32441,0.8806977996568532,1.303101858346481
JVASP-39059,2.0733342737968674,1.6104709056534485
JVASP-34659,0.6442011795906087,1.7299886958545603
JVASP-1300,1.511572409892513,1.723845695533603
JVASP-16798,1.280906212279276,1.044758041314509
JVASP-42113,1.5019571142733075,1.551375211227708
JVASP-34674,0.5229161050503311,1.4232760602007637
JVASP-16769,2.410842965891228,1.1158931572458162
JVASP-18565,3.2609201845972486,2.9941400463363497
JVASP-35090,0.805067562727229,0.9915575119025949
JVASP-8433,0.14531715120416858,1.2987103136863212
JVASP-16445,2.60306953868381,1.7809350482362003
JVASP-39079,1.1003665480196168,1.3028144033849502
JVASP-14766,1.3726794338969248,1.5148032174606914
JVASP-56856,1.700819607585768,1.3535687131471694
JVASP-37739,2.038372258646006,2.0396136593262257
JVASP-14607,3.72516244948263,3.439203479465843
JVASP-3627,2.2933737775958614,1.6548839050889215
JVASP-21882,0.9477701355234454,1.21130219139823
JVASP-7704,1.5214822398837573,1.4327447027141065
JVASP-18007,1.9736390558272265,2.0931479095805265
JVASP-22948,1.1469627014397308,1.2031103037459072
JVASP-2032,1.450994470516001,1.8024990539823929
JVASP-45368,2.2877451930463093,1.6019286472763608
JVASP-22638,0.844347505372112,1.3665022607115462
JVASP-30436,1.0907613099682147,1.2948327780641993
JVASP-1990,0.1739295740024508,0.9137482086926857
JVASP-38741,1.1865331992007933,0.8496680018084224
JVASP-18045,0.94446683870907,1.0647964981630573
JVASP-48412,0.8173997451153012,0.7740051879425481
JVASP-4975,1.433956912799706,1.2338409190104127
JVASP-11141,1.9127401085233058,1.479307259049019
JVASP-38499,0.7956409584092292,1.068522418601267
JVASP-35386,1.3224463826280866,1.043988346433983
JVASP-27714,1.2276673974786017,1.020606860175229
JVASP-52498,1.2738485483462376,0.792348081367368
JVASP-13024,0.333720445544559,1.0342459980911285
JVASP-13312,1.1129417603880716,1.1086198311896653
JVASP-16138,0.7747412373501744,1.0349954136946302
JVASP-46875,0.8529869282387021,1.3387022171706766
JVASP-36948,1.4449966647982957,1.6085723545248023
JVASP-36194,2.139363251439925,1.7927682654842751
JVASP-46366,1.0039502897406833,1.5153722140911685
JVASP-36465,1.26372440734832,1.2616689159537926
JVASP-50747,1.4186654230067994,2.030738934778152
JVASP-17449,0.8230625090131259,0.942508099160657
JVASP-30691,0.49107622537643425,1.087318012391017
JVASP-34962,0.7837892071144971,1.834045493738682
JVASP-57386,0.9800964082149544,1.1516045052747015
JVASP-39314,0.5629484192395802,1.1067195372587029
JVASP-39509,0.9704774567008241,1.092769098295603
JVASP-10903,0.2366889111723262,0.9683559881311204
JVASP-43149,1.2032822037158255,1.4236735462299233
JVASP-35387,0.3829043679688161,1.1792529256358437
JVASP-42270,1.2116664573504818,1.3760219094964556
JVASP-2889,0.38500737290087805,1.058994063949958
JVASP-15573,1.332256287392503,1.3151002235921907
JVASP-18749,1.0986459378151803,0.9701305649838593
JVASP-36551,1.47472758776322,1.0929359430049965
JVASP-16682,1.0463166054617625,1.0871929463286576
JVASP-16587,2.161588759641282,2.3284654366142825
JVASP-26249,1.0858444642706877,1.6045965133488789
JVASP-14884,1.027836324380297,1.269495553385501
JVASP-36093,1.0634476276857077,0.9456105877435854
JVASP-8629,0.07803027641791578,1.038433666054725
JVASP-8005,1.0798781578834604,1.3311549137389007
JVASP-17839,2.364971437627787,2.4169777902122727
JVASP-13060,1.3529286801529519,1.5087114907995471
JVASP-34413,0.8668537943041165,1.4390263102001746
JVASP-43493,1.5745138333019069,1.4229325675841904
JVASP-15593,0.7983360485075506,1.1696382313850595
JVASP-46946,2.081999845408904,1.1314980296461141
JVASP-18306,0.8846053371254395,1.1769524401727884
JVASP-16834,1.781154227271102,1.802597335724316
JVASP-12469,1.328004265998795,1.4430949558917967
JVASP-31174,1.6126318575564347,1.2301265186195303
JVASP-14845,0.8661135296497272,0.7340290297005185
JVASP-3738,1.0109731886317435,1.0842839899759993
JVASP-23450,1.06047586346048,1.2644053093649303
JVASP-2862,0.914104336663114,1.4334525160484113
JVASP-43768,0.07263352745099437,1.1863102793673619
JVASP-23331,1.0013319462402985,1.2072497314350878
JVASP-20626,0.5196887292583687,0.8705686505904368
JVASP-50902,0.8568412656558922,1.1692438790606032
JVASP-23739,0.9871307913478151,1.1413639658680106
JVASP-39423,1.2231777099595371,1.3591704927246546
JVASP-66109,1.530985617766318,1.5838957106465807
JVASP-44694,1.1557030253365117,0.929540056651236
JVASP-40671,0.9418185266792238,1.1445652536168278
JVASP-29533,1.265971464538703,1.1644434234994403
JVASP-62883,1.2900724813660978,1.3921274330372904
JVASP-36404,2.4135304283040417,2.0247513629161165
JVASP-8181,2.1687292991165386,1.3855268121785267
JVASP-58345,0.5955208317422509,1.7457072996705008
JVASP-43095,1.2340401093781819,1.0750183996257503
JVASP-38187,1.0352125986193925,0.9680817133226766
JVASP-52271,1.126171778705028,1.5719034198363901
JVASP-15858,0.8751111219685898,1.2824736856638288
JVASP-8590,1.4687296075408993,1.7555726495357102
JVASP-32138,1.74067902283791,1.614381606162457
JVASP-32846,1.1965298981099943,1.790056719693038
JVASP-16230,1.051640754868934,1.1743753621983213
JVASP-46669,1.042446600145221,1.3730745473515038
JVASP-9406,1.472572258820492,1.8193309017776826
JVASP-25191,0.8501199127057207,1.0198497550962415
JVASP-15878,0.20716840835265393,1.113149644273453
JVASP-57175,1.2215594281419095,1.348682317590724
JVASP-48488,1.1824070847878372,2.044609011688346
JVASP-76831,0.3428671803972097,0.7041786672660095
JVASP-51077,0.40026249998039226,1.1103519309861016
JVASP-12627,1.5221185399752881,1.0741167031172485
JVASP-45925,1.3907757502900553,1.1568121150751638
JVASP-54686,1.1046013063028395,1.1620943348044985
JVASP-7819,1.1183058717477492,1.4293387646144682
JVASP-34840,2.308521045967194,1.2416936760912969
JVASP-17913,1.2496947845811421,1.1376135019378666
JVASP-18561,2.264713596703336,2.379343769557821
JVASP-9150,1.6721115185875546,1.6655577109631765
JVASP-43088,0.6142740459707884,1.176671389915327
JVASP-49975,3.2943361889995644,1.6183736946998188
JVASP-15313,0.8832955048217576,0.9778382690350336
JVASP-36307,1.5655602145607712,1.4568277670966612
JVASP-50468,1.0390355999020404,1.7439766605470637
JVASP-22783,1.0576133606198337,1.2217709977096025
JVASP-128,1.3807074396624512,1.6152098472568717
JVASP-55177,1.3536731369539003,1.5027198682446745
JVASP-12868,2.1396852582296852,1.1113360648733073
JVASP-32484,1.421918914132603,2.2384412636812394
JVASP-14969,1.6675338344476303,1.7954155644563996
JVASP-52737,0.23828363169268005,1.1337190631458687
JVASP-9493,1.3968987041238032,0.8195664751968827
JVASP-45397,2.2997436230701536,2.035305781377426
JVASP-44609,1.3538836148274478,0.918016114609108
JVASP-7646,2.51671209282865,1.6588264376790036
JVASP-57539,0.917031774545893,0.9315083131444565
JVASP-36015,3.290201795182897,2.2287038603551323
JVASP-2940,1.7118542131024501,1.3655329378312342
JVASP-24261,1.243801438220466,1.8029466623272312
JVASP-37151,3.0691624213402444,2.7118550758796003
JVASP-43806,0.26072638336593307,1.2962061608489024
JVASP-28539,1.112337988315585,0.8226792247759391
JVASP-19854,3.2943361889995644,3.191375430246249
JVASP-58842,1.023258633485004,1.1780155480306282
JVASP-51117,2.812973256937448,2.7324377379507414
JVASP-15969,1.497157404815641,1.2430697634859125
JVASP-47022,0.06488202193186296,1.126692873395905
JVASP-50438,1.1354190793093468,1.5515683241160239
JVASP-10270,1.4700028118556798,1.5919231782584478
JVASP-36026,2.084285094026602,2.0734449349519304
JVASP-29575,1.259327405474327,1.1426040817419223
JVASP-53982,0.544162368430092,1.55021626839264
JVASP-8468,1.5611723056609634,1.3470603035421636
JVASP-13346,1.0540700218819106,1.6901948055000837
JVASP-37449,1.068814091231103,1.1905614921023533
JVASP-574,0.8373973603215705,1.1313011385698422
JVASP-36760,1.2239907122419702,1.6615910190069243
JVASP-23327,1.0862936670535244,1.266417812467958
JVASP-40029,1.5584757308310837,1.6386234288260286
JVASP-57433,0.5997301636754139,1.6241232142356554
JVASP-37343,1.5541253127248202,1.1198258233687086
JVASP-15606,0.7750478202721105,1.0749956553758326
JVASP-81804,0.7831597272982518,1.3334884593858067
JVASP-9715,0.9277594517654122,1.053849104298413
JVASP-30449,1.1902159228328195,1.2342866221463225
JVASP-4510,1.145492037580341,1.396327408683296
JVASP-23144,0.7923419979110845,1.161570672067651
JVASP-35506,1.259074086425404,1.227280678661397
JVASP-15964,0.8639088655036484,0.9450067508108839
JVASP-16645,0.8288644448173165,0.9946189135528615
JVASP-26411,2.477638411707437,2.0661711518710013
JVASP-50363,1.1286740105807067,1.9267653204834232
JVASP-12877,0.7276203335109254,1.155074234047212
JVASP-17756,3.543956661023606,3.397145041925917
JVASP-41348,1.5953495204305224,1.727681581867471
JVASP-20952,2.3848781606732996,2.067517150980914
JVASP-52357,2.361930378950946,1.4737452826156623
JVASP-12025,0.8602018735394333,1.040276555437106
JVASP-36036,1.3769974302187398,1.3505828535789541
JVASP-36854,1.405180192008806,0.9628077232846091
JVASP-22414,0.7661412735184484,1.0713357532949246
JVASP-40812,0.2152674497625165,1.0414062080320516
JVASP-41191,1.2596079595717036,1.5029501437771065
JVASP-37352,2.314329315833616,2.355686821917601
JVASP-7769,1.0227834974951036,1.288679630913553
JVASP-51321,0.9476755576650951,1.0154069775767538
JVASP-24765,2.417644922921185,1.848382313533899
JVASP-10056,1.3568815374190544,0.9339314878857643
JVASP-22286,0.7708136970106899,1.2028543160056457
JVASP-40250,1.0436967291278059,1.2449234583408046
JVASP-42148,1.527874416041243,1.5513065685384346
JVASP-26645,1.478642149906059,1.5265042502262547
JVASP-19100,1.1829000833127241,1.8209235479880674
JVASP-59247,1.1177750832571354,1.419249866708061
JVASP-18363,0.7261501517317592,0.7061306377275819
JVASP-38233,1.544926720164129,1.2820967880678364
JVASP-51383,1.3172451451639549,1.2519765389024387
JVASP-41850,1.2700085394130785,1.484900326729256
JVASP-11993,1.527874416041243,1.4723700872997396
JVASP-57264,2.4863178047196457,1.6973519227678788
JVASP-35602,1.3249738049729987,1.1745851193836299
JVASP-20767,1.3551969531388528,0.7128902123710258
JVASP-16296,1.602614173953908,1.4796918415099036
JVASP-35942,0.15261005205421074,1.1004937556130288
JVASP-15855,0.891134378438991,0.9840758898577396
JVASP-11370,1.129721496558732,1.214760454228642
JVASP-41879,1.4740791097648174,1.372098548748421
JVASP-11773,1.3181804309199237,1.0074156905336242
JVASP-39718,2.342408267209779,2.2869829993409296
JVASP-15204,0.9810754381574416,1.185316168427602
JVASP-4023,1.4495684890919571,1.8433255574371905
JVASP-18948,1.1493151558518226,1.1882152515434163
JVASP-11076,2.2490302195603684,1.3355045054638146
JVASP-13998,1.3802434610207557,1.4197017171752033
JVASP-15581,1.24329901601285,1.058468753513331
JVASP-14653,0.88919052425508,1.052484749821928
JVASP-16819,1.5911685045935506,1.626886670155777
JVASP-48908,0.08035878677364582,0.9949761810454536
JVASP-25802,0.8864633204412176,1.5425359417584765
JVASP-40005,1.0303546508638484,1.167918840273583
JVASP-37715,2.3130582897618166,0.8523347095621162
JVASP-5203,1.3790145590923502,1.5903442985437355
JVASP-36782,0.4601316197948948,1.2589143194231116
JVASP-59047,2.5826238546076823,1.4323438329603873
JVASP-44991,2.3337088022250563,0.9441141388237184
JVASP-3726,2.264255625869087,1.516369203396045
JVASP-26401,1.2107438827479808,1.6037369672452815
JVASP-14829,2.7441751009033464,2.577184276715908
JVASP-11326,0.2119430542317672,1.1197593743783525
JVASP-44565,1.0929256628506654,1.178904774022739
JVASP-20082,3.867943505461414,3.7672399106693817
JVASP-18651,2.17458309297353,2.33246100286243
JVASP-58325,1.6306880669494908,1.254495835504987
JVASP-29816,1.2220900450339638,0.9764515309277899
JVASP-57844,1.2034671537461477,1.4287055730624305
JVASP-35843,0.041257887711500026,1.1497166402739687
JVASP-16677,1.37521588051839,1.1629933723097128
JVASP-29443,0.9653701237657487,1.7116928602525412
JVASP-4597,1.6645697925324134,1.5549666737321226
JVASP-59092,1.4194618409253954,2.033780719828914
JVASP-39360,1.1858345339512646,1.1300034956334106
JVASP-19678,1.460737032114776,1.2842514323975776
JVASP-17384,2.7654373855341725,1.0893162862614765
JVASP-15709,0.4025395832513319,1.2383408186554443
JVASP-3498,1.5071394319823654,1.411177242009105
JVASP-44480,1.4123830747896817,1.2838662552265083
JVASP-35442,1.0655908546567368,1.1018995156200169
JVASP-15621,1.298104974765275,1.3362459403294833
JVASP-33840,0.04720614279146745,1.240946467134925
JVASP-10883,1.0999572952204295,1.540731509826155
JVASP-12779,1.0323453276978332,1.6980282336457038
JVASP-38479,1.5253038138923234,0.9992312303547454
JVASP-21688,0.9920575116049761,1.0614077446097956
JVASP-35770,0.731317623154829,1.6108891068021076
JVASP-52867,1.1220378920950183,1.4459156940826166
JVASP-14957,1.0089922736054167,1.1382983644435563
JVASP-40945,2.4862923104437495,0.9533255043517992
JVASP-59151,1.1466032602034426,1.665426148077135
JVASP-9365,0.3801628743241343,1.4044304273513428
JVASP-20866,0.848625085253451,1.0850158071002902
JVASP-39255,1.1213843570959128,1.171025383551661
JVASP-52320,0.6887092857427105,1.635870143048912
JVASP-44667,0.5974264733469118,0.8926197382339638
JVASP-44054,1.4048122349730154,1.0982436433023353
JVASP-42021,1.3061754077495389,1.4537956746009137
JVASP-44753,1.9932600838684993,1.186994266150632
JVASP-9186,1.0502985943060372,0.9748329383414326
JVASP-39438,3.2105511344838544,3.3411207605229016
JVASP-41082,1.050130324324093,1.5362224262066069
JVASP-8708,0.9279655617971745,1.0251507991544035
JVASP-966,1.2307396223607516,1.224900010700616
JVASP-36138,0.6992442637105033,0.971034950901316
JVASP-18743,1.5876295235034203,0.8937603885033907
JVASP-43424,1.28460566386256,0.9789516397924635
JVASP-52303,0.4240489571189124,1.3018528770451805
JVASP-29646,1.5315034794639435,1.5087948808605671
JVASP-10648,1.4574908595578462,1.2989391222246192
JVASP-46827,1.1257422334229792,1.4877785779611934
JVASP-11011,1.5485959469349853,1.1542793919027847
JVASP-14196,1.0515886061177553,1.0807383178568875
JVASP-21672,1.19566992777118,1.0518186203800348
JVASP-50016,1.888591778568251,1.6229945735132927
JVASP-8126,1.1147410553254569,1.4666720700060945
JVASP-31901,1.0643168982805247,1.6679197478911916
JVASP-12461,1.3005452386671188,1.319792525185321
JVASP-19843,0.7835874795678741,1.3475422299773872
JVASP-46087,2.8332209590049597,1.963390898582706
JVASP-38147,1.9927200514222456,1.5408672670610228
JVASP-4173,1.1773984331486578,1.1845004468885862
JVASP-9736,0.2255021479569805,1.1798662718202748
JVASP-55182,0.8674045377638847,1.4320755599338595
JVASP-21525,1.0564991385248899,1.3841265547575357
JVASP-36301,1.3797111812492115,1.5757218369718466
JVASP-15649,1.487907891611977,1.6489411562929395
JVASP-15114,1.470227040591222,1.2391469884017472
JVASP-39259,1.2441820077738133,0.9605776428141704
JVASP-12966,0.8211789233735687,0.8274387759555222
JVASP-82024,1.4592358974570312,1.5357399375429976
JVASP-19982,0.18983850466246874,1.2379541844967075
JVASP-37553,2.0089757243749453,1.8213243420911194
JVASP-43880,1.3890221207434172,2.363494831365272
JVASP-56738,1.291786814890225,1.4560333260562213
JVASP-44722,1.1148466392752843,1.0535472973973226
JVASP-15314,1.2385211287593643,1.2727269057596058
JVASP-24280,1.3837278759122396,1.5108702923036301
JVASP-39749,2.3353016671692433,2.331348986906923
JVASP-22931,1.0984764195531769,1.0045717700130952
JVASP-21417,1.5629783547290634,1.136239791112731
JVASP-2766,1.4203591066240142,1.3423581662030337
JVASP-13104,2.3641829365335463,1.6628453498726792
JVASP-50754,1.7958461954298839,2.069891092003974
JVASP-38181,1.0203554038360243,0.7373329586730275
JVASP-2044,1.3370598750042526,1.5897145724032213
JVASP-12910,1.561946443178544,1.296216433759029
JVASP-3297,1.5641140276688774,1.4499156307520717
JVASP-5248,1.5646366084554995,1.5683523707829483
JVASP-38362,3.7427613848052266,3.690422669305294
JVASP-39041,1.0389114791565384,1.2254174303847258
JVASP-15173,0.04160650379504672,1.0856103843170697
JVASP-38210,1.2560364654829408,1.0042233372553493
JVASP-34775,1.0046133389174925,1.2011703595406398
JVASP-42455,1.1937197268979576,1.3436889573303443
JVASP-48630,1.4105564848950842,1.3385004445003146
JVASP-20150,1.0304854947961715,1.2563431779384753
JVASP-23722,1.2154734422667715,0.8823290009226818
JVASP-41962,0.49802514927036884,1.3549447524652434
JVASP-26964,0.8030219692002398,1.0798298332567984
JVASP-42893,1.3270212523197573,1.4817681706323773
JVASP-49172,1.2378573533996378,1.7297984123415353
JVASP-9785,1.4621287246154009,1.7430851950398236
JVASP-39330,1.291629460676937,1.0639032724693824
JVASP-39597,1.4700028118556798,1.3845485562361564
JVASP-16250,0.9493571633426863,1.0678222631507748
JVASP-21101,1.724531949685481,1.6235268900922724
JVASP-38040,1.0843343995812975,0.682416607208724
JVASP-9918,3.7190556897017752,1.4517644311152478
JVASP-36160,1.8313160278640186,1.8065610799302323
JVASP-80001,2.470964757729109,0.9293593320107931
JVASP-35759,1.502078403410552,1.251100492562524
JVASP-35774,1.4776674815870707,1.4348915781501321
JVASP-41226,1.0387982531349746,1.2607537031908902
JVASP-8009,1.418446730877176,1.300069892799129
JVASP-2829,2.418562051200487,2.013834498855912
JVASP-919,2.5825097762108418,2.613864089964845
JVASP-35825,0.8071294124332495,1.229313485022863
JVASP-8071,0.7963235100571463,1.2158630410513729
JVASP-50425,1.3249512427089165,1.791655333168024
JVASP-13933,0.8918902056386044,1.1159657803393137
JVASP-15021,3.4815673139769254,3.3015184584425716
JVASP-20899,2.1448226471830165,2.099122440645774
JVASP-17178,0.8783083747575694,1.1112221317347577
JVASP-18567,1.1177034551395064,1.128730344343785
JVASP-40576,1.3011428903636841,1.1741930447028195
JVASP-57366,1.5288526290845061,2.213186635428911
JVASP-22535,1.0702840728211618,1.281678660758628
JVASP-55698,1.2471372088240071,1.3674859221588123
JVASP-8355,1.6593652150895217,1.8699862590490757
JVASP-8701,1.6215404280549832,1.5656889753649008
JVASP-20799,0.690322962471053,0.9255732799740193
JVASP-43024,0.26201152959407664,1.0433225372131052
JVASP-34542,0.9522465606673648,1.0548136520174762
JVASP-40944,0.8811026495591059,1.0255019278787576
JVASP-46772,1.5242623322671058,1.5139189686737144
JVASP-537,0.7288034379452284,1.0544767109473896
JVASP-41160,1.509235489050586,1.6669443683789578
JVASP-4954,0.324569743363875,1.1883688099603442
JVASP-8719,1.8153304109181878,1.7456180491885303
JVASP-38466,2.9139400499708517,2.0804723098942963
JVASP-8441,1.2243371374514405,1.281986857087984
JVASP-51693,0.6995323400340897,1.1908528648054906
JVASP-47636,1.704684825026311,1.9867973886421328
JVASP-36499,0.9031649036155048,1.0545893775283557
JVASP-42160,1.1977492105799927,1.2888863961703054
JVASP-10240,2.350483677581522,1.4471037986593638
JVASP-8408,1.6722525842947389,1.1999713385454625
JVASP-51076,0.8211665614699023,1.1313522331145596
JVASP-45399,1.2556385471145426,1.65144028172348
JVASP-45729,0.18269572536861856,0.9713918004874771
JVASP-1420,1.2666509406683277,1.5272529044327217
JVASP-47759,1.1492612755217773,1.5736034339392888
JVASP-8667,0.9418503869518048,1.0503833693692903
JVASP-10654,1.1895837920021022,1.2942084538341914
JVASP-20624,2.7912298612239006,2.84933617518974
JVASP-8788,1.4235170656442848,1.3868111576854387
JVASP-21253,1.2885208576510414,1.4824342979657126
JVASP-51070,0.544162368430092,1.0349593035193831
JVASP-11328,1.216369381282642,1.3599234108070548
JVASP-49852,1.6321364026827316,1.420746453960629
JVASP-13111,0.6420703680563996,1.4576063253116764
JVASP-38606,0.9410349360318648,1.0321080624928487
JVASP-23832,1.1114008384068823,1.1564476178174723
JVASP-10004,1.1401275553585362,1.979432355354079
JVASP-42031,1.2753183560960488,1.2774792683945866
JVASP-1654,1.4961813283487317,1.699095755025818
JVASP-29481,1.1347425464400624,1.1984036420289024
JVASP-39247,0.6505618476232953,0.8476081544862508
JVASP-39204,1.090587275791724,0.9101627248455959
JVASP-8740,1.9730149227928995,2.0063489069213767
JVASP-42957,0.5196887292583687,1.4172138559281762
JVASP-12531,2.3813171909527275,1.4021475110468349
JVASP-26894,0.8918902056386044,1.1257215240356753
JVASP-41552,0.9430027707144899,1.1201227219015377
JVASP-40387,1.05786269970486,1.4741377391294637
JVASP-38175,1.7364633983237272,2.4544968732660193
JVASP-52861,1.0383722739316315,1.277044221547562
JVASP-18606,2.654810740446062,2.428069310559853
JVASP-52735,1.286563069322842,0.9561579042154674
JVASP-17983,2.1052456085627202,1.9286420369520823
JVASP-20978,1.6062552167304411,1.4862584404414705
JVASP-19965,1.2314221304910897,1.2324723865243923
JVASP-22929,1.2452634487875844,1.730402235020426
JVASP-49638,1.3115264104449682,0.9196190782406353
JVASP-22460,0.8879487764575673,1.219389456752904
JVASP-39441,0.2884403258001531,0.8343072371842256
JVASP-30475,1.0299722016025752,1.5388577906135787
JVASP-17209,2.5016239074764988,1.219056691232155
JVASP-37420,1.6631272760391411,0.9500605072646822
JVASP-365,1.9575246181184562,1.7578564733590176
JVASP-37625,2.032788221321582,2.0838983273171037
JVASP-41712,1.4510966171997566,1.4491191811085362
JVASP-43129,0.7830064001423253,1.2068571742646645
JVASP-12569,1.4237515401150667,1.72714225680737
JVASP-16041,1.045627604110082,1.2362213738901304
JVASP-41833,1.1638464495732934,1.37361421518357
JVASP-40863,1.163773066783844,1.3521955015095917
JVASP-24909,1.4532618643234592,1.6754574501234862
JVASP-18949,1.1328754070184812,1.0932861971911563
JVASP-44131,0.862389991740115,1.043895958842008
JVASP-19091,0.5733704793840869,1.1084595722535595
JVASP-32108,1.3893503663376812,1.0949510009708598
JVASP-33814,2.1809214945143043,1.4222896289940252
JVASP-51746,1.137347888618978,1.4676764794984858
JVASP-38420,0.8452693061938887,1.0965776077598952
JVASP-36368,0.7836462068212386,2.1289729276608282
JVASP-34886,0.779611870992117,1.0604043846263704
JVASP-16008,1.6346015507145568,1.407541683015356
JVASP-42494,3.746730845052535,1.5900936277805153
JVASP-49361,2.670841508441484,1.2979978091292135
JVASP-29684,1.2636247947539694,0.960857321545061
JVASP-21545,0.9771642414694987,2.1805694343782642
JVASP-41256,1.173060511473466,1.405460761884191
JVASP-15385,0.12673788046728612,1.0200432406396878
JVASP-25378,0.47330226997719455,0.9801061328581909
JVASP-23918,0.9171011778497984,1.1828344748907735
JVASP-12514,0.8838914678377826,1.1987057681264397
JVASP-37005,0.44906582691897845,1.6377543471517217
JVASP-10001,2.39456843095416,1.7914115617153243
JVASP-39261,1.0259020415021087,0.8860121045028823
JVASP-16665,0.9034058042957313,1.2235664529018195
JVASP-57037,1.3779380639587844,1.6918003882282409
JVASP-4546,1.0857597931759888,1.363049850080281
JVASP-49766,1.0302970773841744,1.578138423281216
JVASP-15763,1.3144038016373476,1.439920550514405
JVASP-45854,1.2386848959986598,0.902101780909927
JVASP-41088,1.586639993922013,1.374745984510675
JVASP-55256,1.267078326458516,1.2318306876540404
JVASP-35799,1.5645315768355583,1.0319828653079484
JVASP-20074,1.3503765465184598,1.448011248674741
JVASP-36290,0.05743082036820212,1.1701323232731138
JVASP-15083,0.10201521854827053,1.0798803221892812
JVASP-12637,1.2870801584806222,0.7620099843364558
JVASP-35889,1.3624491891503425,1.3472398614856842
JVASP-51053,1.0539988093121255,1.1857448281436276
JVASP-33006,0.9656590120074494,1.5573648244674199
JVASP-41976,1.5169914556121882,1.6902391259457037
JVASP-37231,1.5958372292979377,1.336371930943654
JVASP-18514,0.9374625333287352,1.1254109827069194
JVASP-16723,2.350907712104679,2.20495599143781
JVASP-39038,0.6973520807823074,1.1404839141525396
JVASP-9727,2.146075018091631,1.2415760755540637
JVASP-32703,1.3600590529692906,1.627114462589817
JVASP-12759,1.623710939973038,1.8213766261046473
JVASP-41018,1.360190025015721,1.5272301168789162
JVASP-31151,0.9686516918995389,1.208255430881795
JVASP-39276,1.55844393226566,1.6617112095518443
JVASP-7848,0.321534213182362,0.8053510946693756
JVASP-17900,2.0332537807670965,1.346096972166384
JVASP-54967,1.4023112363424775,1.50941975902928
JVASP-37243,1.2810004697183461,1.1365234791050007
JVASP-15189,1.4874903303085023,1.2552076071833884
JVASP-34492,1.859277641731325,1.8498767247103083
JVASP-8062,2.347512430310301,1.8756419978800083
JVASP-40307,2.9525517227072458,2.984927054035615
JVASP-12572,1.0925965003677311,1.4225736868244443
JVASP-18611,0.5764368098020942,0.8405779444222432
JVASP-62229,1.3612180369327311,1.735206026860413
JVASP-62459,2.6717354432983806,2.2648621212267455
JVASP-12188,1.550255846402892,1.3469927123725072
JVASP-37931,1.375065629450284,0.9233016446254023
JVASP-30507,1.0103634683385876,1.504976139847143
JVASP-11946,1.7066474113481604,1.6122825017100169
JVASP-17513,2.0546530653370407,1.2287762449380288
JVASP-11220,1.0872881399931462,0.8995077024328687
JVASP-39840,3.689791838541171,3.7186885281120388
JVASP-15360,2.579900490371784,1.3011980783866677
JVASP-46539,1.2022809853992853,1.2988092240861824
JVASP-25253,1.233069508643954,0.9676877762202125
JVASP-39967,1.1114912145169553,1.09331952625127
JVASP-53578,1.25047746495324,1.688037496359879
JVASP-15007,1.1308374002893242,0.9914744389291759
JVASP-15846,1.795666356796038,1.2101982004762517
JVASP-36097,1.362097692611418,1.296828105514128
JVASP-47509,0.0786898937930747,1.1499509422392609
JVASP-40070,2.410767397468241,2.2807906470730392
JVASP-37395,0.7944529744241938,1.1713663921456248
JVASP-32348,1.1295675183576426,1.3673162566970989
JVASP-16780,8.490112916695798,8.346609760561382
JVASP-29830,2.351200623404046,1.7284277729133002
JVASP-37887,1.0591846406515626,0.9598020149853564
JVASP-37361,1.6659638267214145,1.5308875754604467
JVASP-35280,0.9350942033808195,1.1925272666833227
JVASP-44468,0.9495021872400556,0.9754042642542082
JVASP-30442,1.9607790713216429,1.0308462928856335
JVASP-56327,1.3996779195034355,1.5061256866770594
JVASP-35376,0.9029506333031795,0.9904099186214566
JVASP-26860,1.3588674250405597,1.4402271682580734
JVASP-41945,1.226823327969613,1.2876062647329682
JVASP-7696,1.031721701883714,1.6914230498445597
JVASP-21271,1.9258340796558349,1.9206386395758799
JVASP-10721,1.3781446198208194,1.5824957079066901
JVASP-26418,1.2274064637740396,1.3072035644454136
JVASP-33894,1.6622760520599333,1.4026668129131998
JVASP-39704,2.293772649153267,2.354653518128411
JVASP-1531,1.546310201873217,1.8519834601758354
JVASP-37649,1.1265008880514604,1.4246808851196566
JVASP-37880,1.650641020928988,1.7725594589810119
JVASP-30353,1.442381990872461,1.4457234735142044
JVASP-18032,1.1393747825428944,1.085387685863923
JVASP-7828,1.2167243011759101,1.2290670904817884
JVASP-57322,1.6709786814404561,1.8446647928992195
JVASP-11386,1.1020279633826389,1.214229605751957
JVASP-52904,1.0853276214331857,1.6049006944076507
JVASP-2319,1.455432989846356,1.3372313072767172
JVASP-15437,1.1682781510712683,1.0552655467453245
JVASP-23902,1.10047164415314,1.6486431619449207
JVASP-41561,1.3876370357033132,1.0115029028248794
JVASP-14800,1.624329571238793,1.1701972914570757
JVASP-40010,1.7620876427370917,1.8888948505973684
JVASP-49723,1.3147471930990535,1.9486382311139105
JVASP-50918,1.2319821642471236,1.2210277199085209
JVASP-40031,1.4308821229049162,1.2084548324972624
JVASP-35415,1.2610270585508236,1.0974203051451064
JVASP-38085,2.329456285762441,1.8265433538840732
JVASP-29945,1.5316656609692836,2.0397324649389033
JVASP-7658,1.4143475916402717,1.6603330513503802
JVASP-8718,1.5589269580709382,1.4335438907277729
JVASP-55008,1.584724400737729,1.6400783308807039
JVASP-24985,1.5311018489799673,1.5218650420237905
JVASP-42997,1.3585128986794843,0.9390645870159441
JVASP-34563,2.181632326440411,1.4457723074682307
JVASP-47677,1.2685168648684486,1.8562458009454155
JVASP-11401,2.141224192510437,1.4682912335525624
JVASP-5,2.4890457900810654,1.7567498605238008
JVASP-48005,1.1549755853806114,1.0706782746521903
JVASP-38211,1.1332105533666659,0.9474029423529589
JVASP-37377,0.9197620882499586,1.2043573631876874
JVASP-37798,1.1114070441662105,1.2493269274513605
JVASP-17944,0.33283818354848943,1.0729289844560772
JVASP-36841,1.531011112689386,1.03133644612519
JVASP-64354,0.5598930825193642,0.9188334301061749
JVASP-69204,0.7810583527728624,0.8828155784176197
JVASP-81366,1.4201798618284533,1.228459428684442
JVASP-24337,1.2636031023769834,1.4113168926945971
JVASP-9720,1.527331985794599,1.3128799660362955
JVASP-38256,0.8112579859619148,1.1433177957782281
JVASP-17581,1.5242623322671058,1.5475051633199697
JVASP-29727,1.551450329505401,1.9368146955666838
JVASP-15,0.8315162993608763,0.9366871197599336
JVASP-16784,2.267137694074685,2.459844640684615
JVASP-36380,1.0885120052932484,2.412596530195498
JVASP-23932,1.3228527750194163,1.5694204422699116
JVASP-25073,5.564988069236224,5.379031620064634
JVASP-38792,1.4207428489454457,1.5855479820941714
JVASP-37344,1.5153812106915308,1.4003321193149414
JVASP-14742,2.7672504468848476,2.7520680785611105
JVASP-34184,1.3253653624955515,1.0725004835000225
JVASP-14671,0.9957987173566852,1.0759182013847814
JVASP-13364,0.9461181782243012,1.7664367727493566
JVASP-47757,0.85509654745645,1.233890697377442
JVASP-40434,2.4541760421210594,1.6914441611971216
JVASP-47130,0.42213470280905024,1.284505791714555
JVASP-19398,2.216222918933997,1.4265036317608797
JVASP-22534,1.1933087127282243,1.6230555364826416
JVASP-594,0.3850402934809306,1.0143911349605919
JVASP-41502,1.1728342689882059,1.2677181903600103
JVASP-42267,1.023794707330758,0.9250676643342892
JVASP-40441,0.8654672348324729,0.9970799416595625
JVASP-18118,0.820222092336716,0.9740432026867065
JVASP-36124,0.9468061355554096,1.5740391985383242
JVASP-21215,1.3658201109178683,1.0222266508618743
JVASP-39812,2.4505375982062616,2.3901260449491533
JVASP-57774,2.3062096237781637,1.9062167285842921
JVASP-12131,1.2675801205115456,1.6639346390143364
JVASP-14817,2.151472117205079,4.01038905688017
JVASP-50978,2.2499978402165777,1.586034796357675
JVASP-81498,1.97066573583747,1.4447447180245412
JVASP-41380,1.0078324207196478,1.3950683947634217
JVASP-23811,0.8941756939996046,1.2395586602874316
JVASP-17302,1.5543048229321923,1.2663831923388256
JVASP-21082,0.5179862785873719,1.012336368740968
JVASP-20249,0.8514234056423229,0.9029912637566289
JVASP-24318,1.0097368178280612,1.7794425852714515
JVASP-50097,1.640623118634146,1.9530361296173617
JVASP-34833,0.3443985252629584,0.859446630579358
JVASP-17835,0.1911135988233931,1.1641224495510003
JVASP-38532,1.5797258938197363,1.623328452159662
JVASP-29482,1.242222549576475,1.5352246833044088
JVASP-12952,2.1890900683223853,1.4994432867216332
JVASP-3531,0.9861163515650749,1.502720933976128
JVASP-66162,1.0640240242416512,1.3383885068436423
JVASP-51344,1.1664664226550139,1.6819675341833036
JVASP-1109,1.7971104817931534,1.8803654315807017
JVASP-39845,2.4442498189991326,2.485772738259928
JVASP-12562,1.1117007930113487,1.1822767389146305
JVASP-45504,1.6525924898552007,2.0429744171373296
JVASP-29223,1.1811390749071968,1.2906744127277046
JVASP-37262,1.2912698762601778,1.4552100672429276
JVASP-18465,0.09107473060730663,1.0847861327445507
JVASP-35746,1.2039737049331338,1.4277437143086318
JVASP-59208,1.2651759058384195,1.9911365465686117
JVASP-40813,1.286517465197418,1.4540469043318205
JVASP-25202,5.092890950468352,4.8301645132932345
JVASP-55675,0.9705560380158721,1.4779688234840298
JVASP-49291,0.475442004429502,0.8327994643841812
JVASP-41741,1.5770525888040305,1.6158435837335337
JVASP-32759,0.5939094522981379,0.9542592896966644
JVASP-10145,1.7127529652115447,2.037299013332408
JVASP-43910,1.3475297415564782,1.8267127670698262
JVASP-38460,1.4443269151341687,1.196176245200021
JVASP-4783,1.6333914598204273,1.588513897465818
JVASP-42808,1.2170437800846128,1.0436431651606946
JVASP-48824,0.7618927081922343,0.875193475060839
JVASP-40847,1.142525202301906,1.1045150409717075
JVASP-36157,0.7928962284436687,1.1213742696473044
JVASP-47039,0.412563110225545,1.2237353471427828
JVASP-17760,1.1045909128531894,1.2161050126546042
JVASP-46152,1.5221185399752881,1.755000843440082
JVASP-12047,0.18327990181420628,0.8191983289832683
JVASP-10149,1.5015700148478872,1.7432462122714276
JVASP-12236,2.264713596703336,1.1719271780608924
JVASP-23407,1.0242989520095933,1.0730744491509445
JVASP-7694,1.4922757849566326,1.0714892388095547
JVASP-23478,2.154355422048146,0.8587297495392878
JVASP-15506,0.8911210126193206,1.09657797610529
JVASP-29605,1.2161395471018877,1.2722605369824478
JVASP-27255,1.1461769092539817,1.2339304776738307
JVASP-35947,1.4331261691437913,1.6361082935589788
JVASP-52433,0.16822546113947737,0.9214174671773394
JVASP-43064,1.2760226159020827,1.5401628390287383
JVASP-47996,1.317746514477226,1.9134649134269743
JVASP-9600,1.0025634896743858,1.7223575425498807
JVASP-28648,0.9811575980313687,1.446125274347924
JVASP-36814,1.193044916978199,0.8641837796245655
JVASP-18706,1.1731194258773636,1.3310250822502987
JVASP-21663,0.9675269987476034,1.1339325670099532
JVASP-10103,0.35718110160441124,0.6736578827826386
JVASP-39454,2.207771202276908,2.0158536529756104
JVASP-49148,1.6527811823496372,1.6787066305291751
JVASP-32143,0.5431090183583172,1.0881766740398893
JVASP-35938,0.5881513948318985,1.0236146641824184
JVASP-3741,0.8159407894253841,0.9101310493971491
JVASP-4807,0.5179862785873719,0.843960833126645
JVASP-52817,1.1177838357971468,1.1753720295044388
JVASP-79515,1.1713251272962593,1.8517581218977164
JVASP-30547,1.2935795785797946,1.0011097154371558
JVASP-55650,1.3910284579167322,1.546015970364342
JVASP-36203,2.299471939603117,2.171910140767264
JVASP-17379,1.6911511216974324,1.5621204747937685
JVASP-12764,0.9039930174942549,1.2996002819994898
JVASP-12735,1.4190318173537726,1.4338759288833731
JVASP-34190,1.0705702034632993,1.056320712871908
JVASP-74689,0.9807544279868652,1.4098747642882417
JVASP-13340,1.3249738049729987,1.552496667841719
JVASP-40078,1.2370289544835447,1.375274428960692
JVASP-30910,0.6802556165794814,1.208813731653664
JVASP-4008,0.9842475880641277,1.4384399687060891
JVASP-23698,1.157289059663282,1.4016696517171932
JVASP-2199,1.376113369315845,1.393615960765311
JVASP-15957,0.18217333896516633,1.1860096189150142
JVASP-39201,0.7633522164467427,1.084794658178974
JVASP-41914,1.5983161620505113,1.3911265500813317
JVASP-1318,1.29568153965791,1.4463519032150214
JVASP-47676,0.8961862448545849,1.445499224183392
JVASP-32810,0.886652719839368,1.081471176285776
JVASP-36070,1.3637182766605178,1.2850680060822637
JVASP-12009,0.32790650780176667,1.0809306026723882
JVASP-21089,0.060468302637751076,1.014190742597843
JVASP-2994,1.5098030966460523,1.7324357309691814
JVASP-66640,1.5668413082607229,1.2775110510676495
JVASP-43620,0.6966953439273166,1.1724796687464427
JVASP-29742,1.1933087127282243,0.7241701127387247
JVASP-12954,1.1756595603451456,1.5787571339030575
JVASP-16352,0.808689823130429,1.1239249621229201
JVASP-9764,0.9468061355554096,1.4010460539921108
JVASP-16564,1.9932600838684993,2.0713666797872015
JVASP-51552,2.059449804592277,1.7924434738786654
JVASP-10532,1.4652972143173777,1.5175887127179633
JVASP-52493,2.410851352689166,1.7638837832245233
JVASP-36485,0.2476684398835182,0.8854226751360292
JVASP-37149,2.846421293679815,2.9449347661599794
JVASP-11400,1.9806507846041441,1.5376538879057138
JVASP-30395,1.3578746057420386,1.4171501822354629
JVASP-15589,1.357882039929678,1.3224579818602478
JVASP-42479,1.3309550090944258,1.1781513458020774
JVASP-59042,1.3329856569866256,1.725373789218412
JVASP-12398,1.4735454981615337,1.1936262792479728
JVASP-20221,1.5821440964249005,1.0972517937558042
JVASP-37967,0.2918646726098193,0.7884687213914893
JVASP-56282,2.445254880511338,1.554187110621469
JVASP-38426,2.3197770102758413,2.3347723606683806
JVASP-44729,1.330014147108575,1.0457895169195914
JVASP-35284,1.4436241739265994,1.241137033791106
JVASP-31900,1.3763759948990122,1.2701676709071847
JVASP-44993,1.7368415183498886,1.2649234481299367
JVASP-37777,1.1623249468799524,1.0171194774861059
JVASP-14310,1.0438136987681315,0.7276014061330097
JVASP-41417,1.554867679316713,1.355305489320497
JVASP-14408,0.4394754470902925,1.0811469431158227
JVASP-80424,0.6530548745419481,0.9600571097022425
JVASP-1303,1.317365773039163,0.9726002549555091
JVASP-43580,0.12292576934783098,1.2965537864927987
JVASP-10284,0.12317526741871515,1.2627111586540396
JVASP-9400,2.2597135456916755,1.773490591536789
JVASP-51647,1.381332236267965,1.2125831753391556
JVASP-38636,1.2699482563434692,1.3636846072606081
JVASP-21711,0.9990576480708986,1.0645082342535894
JVASP-34370,1.4922757849566326,1.9549782435353564
JVASP-45901,1.3950990376089503,1.795833777429045
JVASP-10679,1.2616067712676693,1.398534767553462
JVASP-66567,1.9341784904127968,2.2060035569286467
JVASP-10136,3.767790366032634,1.685075802457402
JVASP-22148,1.0075879676458348,0.9334831173717791
JVASP-7674,1.713542500198218,1.6962918592490435
JVASP-10264,1.5249822136449138,1.2363220353920263
JVASP-20934,1.135457676660261,1.565469423110041
JVASP-22926,0.7830060847435264,1.7774040384816125
JVASP-15078,1.3869202601277297,1.4609302758148814
JVASP-16584,1.4642423927910826,1.3239991487816345
JVASP-37399,1.7119041238362984,1.5378820050161384
JVASP-48683,1.3688973699360056,1.3786936266229541
JVASP-26876,1.4607213549609375,1.5700006738834853
JVASP-26773,0.9940116809230418,1.64113275993931
JVASP-36526,1.2408327069309237,1.1334641416773614
JVASP-50926,1.27049348323969,2.275831418618007
JVASP-29748,0.9364606719664922,0.9268526045662402
JVASP-29401,1.022349806404878,1.5392305075748358
JVASP-22563,1.1864994255600159,1.4429097513164415
JVASP-80443,1.119779929576124,1.2542146781188666
JVASP-40904,1.2144852636075885,1.5042245274932804
JVASP-39882,0.6111460771542342,0.9729961108293823
JVASP-39461,1.1520674269154105,1.2788230581253255
JVASP-17528,1.145492037580341,0.9670595811207786
JVASP-39920,1.2513613079154144,1.0576887717756907
JVASP-21056,1.3968820691340884,1.395101857295907
JVASP-22713,0.8954101136639012,1.4863652420415296
JVASP-33072,1.1972915463073992,1.7184846865266945
JVASP-22623,0.7190651970840689,1.2627909841925786
JVASP-14691,2.2852987361651365,2.387477533574599
JVASP-61252,2.277944912368377,1.3800799858181847
JVASP-30493,1.8329799459438294,2.1204519681239073
JVASP-14955,0.8483887148373702,1.0886835383156988
JVASP-16412,0.9929415613160028,1.0659124197536796
JVASP-38510,1.0438706510466917,1.1190787374979663
JVASP-41560,1.0427918749832963,0.9363529394685278
JVASP-2448,0.7444249944612085,1.2360818657077923
JVASP-23536,1.2221179609930715,1.1075935370885555
JVASP-14801,1.3873305572263135,1.458284724094674
JVASP-28768,0.8577226854930714,1.3352827733939177
JVASP-3969,1.1329572897036266,1.578156161461065
JVASP-33919,1.0065483344005095,1.5617606699377706
JVASP-8568,1.0732883171880487,1.0850523291375866
JVASP-46265,0.6851261262983163,1.255544681973725
JVASP-8138,1.1540929826393318,1.5304534738522233
JVASP-30774,1.1499624775422352,0.9661391252866409
JVASP-78494,1.4052816770159766,1.448163782057506
JVASP-36820,1.0870580364639748,0.9597588507200822
JVASP-30289,0.6101387749122801,1.3869924967977656
JVASP-41686,1.4798291031343065,1.579878818821909
JVASP-10749,1.657033616149131,1.5652140795775633
JVASP-21030,1.1841192703645307,1.3832714995722422
JVASP-14127,1.075413070205176,1.0696057676900803
JVASP-1759,2.934666323115188,1.2610276946178611
JVASP-52330,0.4571358443946553,1.3097064634969373
JVASP-9680,2.224542456170912,1.7476459384066092
JVASP-55711,1.1105348235033377,1.3404614542805828
JVASP-14632,2.3807699469580057,2.4385324119930845
JVASP-55532,1.2778083560213498,1.7779168116478044
JVASP-18589,2.4169967465235427,2.4134781423513023
JVASP-50799,1.007641260688355,1.3955559172135488
JVASP-37660,1.5933233155472613,1.49740266264932
JVASP-10033,2.276189518252331,1.5423785613022858
JVASP-15770,1.4329857742397598,1.4567654018585283
JVASP-25917,1.051025738657366,1.2326119886696185
JVASP-19665,0.9848914436740751,1.1569838505894738
JVASP-4301,1.11927080409054,1.4952316273659307
JVASP-22614,0.9392913387368289,1.5132593710405857
JVASP-9952,1.3123537224393573,1.0539896339621744
JVASP-38819,0.7554563469764582,0.9741197784799385
JVASP-9096,2.4984548499809534,1.4420368767028022
JVASP-5176,0.9568958755873411,1.3135947855275147
JVASP-79528,1.202664140577177,1.1038354388869025
JVASP-36949,2.237682241269799,1.5581933911592298
JVASP-21044,1.3756559306640301,1.0107369256059493
JVASP-50958,1.2721004358136314,1.315177450099719
JVASP-50352,1.516173574390242,1.4992990870893468
JVASP-22949,1.2305498557412482,0.9098668516259588
JVASP-55541,1.7005100607526031,1.877646291724513
JVASP-15164,0.809032216505144,0.9764296700161289
JVASP-12609,1.3459812730608431,1.0868805771900234
JVASP-12368,0.8899661015591437,1.7662711500838906
JVASP-54775,1.5393355110573181,1.804645942596223
JVASP-63137,1.287602667419803,1.2635301921630788
JVASP-1357,0.8354677957109944,1.0661407001062169
JVASP-29806,1.1276741303600855,1.6917991615867063
JVASP-38536,1.2601115606955433,1.161657335683358
JVASP-16489,0.9115742733657125,1.0134772889216848
JVASP-9248,1.1245933759260918,1.8717756608870562
JVASP-8636,0.17997283595400823,0.7512677677265234
JVASP-45932,0.46973872276776285,1.41522165507488
JVASP-15026,1.041172097708174,1.080476687836028
JVASP-2325,1.2057935328627731,1.5444687319562846
JVASP-19634,2.3848781606732996,1.8578894589562172
JVASP-50291,1.4082309323012339,1.5621013570072675
JVASP-51015,0.8617226401306012,1.4362593675872533
JVASP-29388,1.1934350692894091,1.0184736278526407
JVASP-23927,2.532114598835798,1.4549608744390925
JVASP-54631,0.8664016813605515,1.107425034785337
JVASP-26366,1.4232756745623436,1.4276038774744264
JVASP-12899,1.1546519513945872,1.4522357245552822
JVASP-18772,1.3590393178185456,1.5240563893789385
JVASP-49887,0.8611215725746402,1.0490783012027054
JVASP-20113,1.1865953977009365,1.2299473444294695
JVASP-5266,1.3219936864098996,1.3751611354067426
JVASP-55269,1.092904631915835,1.695973816915581
JVASP-16429,1.0557506919954331,1.1436245166964467
JVASP-42818,1.1604889583651283,1.3501474721759286
JVASP-11776,0.8532602315091045,1.1056972941567056
JVASP-12939,2.1957637791490723,1.6201732254853856
JVASP-39668,2.64118969954075,2.483235837136916
JVASP-37750,1.1712432253356806,1.2517071911092061
JVASP-34339,0.38587206981557987,1.3228451827311
JVASP-10962,1.1552786989181063,1.6475292752183186
JVASP-54821,1.6350248287079958,1.3537454191007796
JVASP-52738,0.2240175146044209,1.1352625711534612
JVASP-39753,1.0924426598441224,1.2223612279908003
JVASP-11367,1.0020499881274492,1.4156104222019215
JVASP-15444,2.7584877922086393,1.3090429811949191
JVASP-35027,1.551120052823479,1.6846057645289387
JVASP-42654,2.6051148958742405,1.4359873369839022
JVASP-78784,1.9420278265505557,1.7812920506481753
JVASP-3675,1.5153812106915308,1.3066664545445132
JVASP-17794,1.4305677480238415,1.335515334555588
JVASP-20495,1.25047746495324,1.2137166496588134
JVASP-44750,0.9522465606673648,1.128720773751138
JVASP-36110,2.3324375851447106,2.3439908309794037
JVASP-51199,1.0350237428676705,1.1187143403368598
JVASP-48504,0.714956784021986,1.2420372533164936
JVASP-36363,2.9354597233675594,2.8371102981816554
JVASP-34401,3.6554598485002083,1.4880662802782303
JVASP-47966,0.12940696950172242,1.226548976404716
JVASP-10857,0.40075159454058734,0.9227442400823153
JVASP-4486,1.0561065260387885,1.669615433858676
JVASP-36115,1.5023763079145516,1.7891568837565157
JVASP-45243,1.0099426507535674,1.1565394447849207
JVASP-56991,2.4890083471974807,1.7367935965834753
JVASP-28828,0.8850172568240715,1.3867793560202029
JVASP-10199,1.2801682801085588,1.3146152438624543
JVASP-38595,1.1765240731749302,1.2697247548046908
JVASP-4648,0.9108319448257783,1.110542853821893
JVASP-49911,1.306043058762443,1.6486354556319835
JVASP-21958,1.1218384434432425,1.1927202813103623
JVASP-54566,1.1418984986800587,1.381829719950234
JVASP-24785,1.6190879073912103,1.1889614653536396
JVASP-41828,0.9845176696519051,1.130936257578436
JVASP-40171,1.2615661509901797,2.132699996535199
JVASP-20397,0.9404044825077574,1.0857026448763354
JVASP-15238,0.038429341042615445,1.1281367351075458
JVASP-59261,1.3359431871039624,1.4610847440369061
JVASP-10567,1.4483472094841043,1.7383937215875367
JVASP-17575,1.3301512670709699,1.4196173634484814
JVASP-17743,2.181632326440411,1.866485146235707
JVASP-12616,1.1180054954504468,0.8398518680793089
JVASP-10914,1.277076754634201,1.6725443899678498
JVASP-17478,0.9871116909927664,0.9283801613349805
JVASP-3546,1.1946261369088256,1.7331117156528677
JVASP-37768,0.49644773849164753,0.9428388910968664
JVASP-79634,1.272038334567734,1.3041654183109348
JVASP-8812,1.42639450281768,1.9457282763700263
JVASP-37051,0.8532602315091045,1.0123388696446503
JVASP-36569,0.14402287224162583,1.2341271777343268
JVASP-54701,1.1120877509467146,1.369281668959379
JVASP-29446,0.9633652435225117,1.6288266176975916
JVASP-46809,1.4815078895799076,0.9978197118336952
JVASP-50845,1.4255672583636696,1.6512112719688425
JVASP-51227,0.9465102460656503,1.194500148681986
JVASP-50789,1.0477224205786206,1.9129235430738198
JVASP-16789,1.3779380639587844,0.973069181341639
JVASP-14869,0.321534213182362,1.2728237037105912
JVASP-11967,0.5185708050530982,1.0218724203013347
JVASP-44653,1.1474742359396823,1.3779266015752984
JVASP-16724,0.5765135184466029,1.1355503739939925
JVASP-40791,1.7996152940120795,2.0363265620296103
JVASP-30455,0.255612708108342,1.0944992313627444
JVASP-22788,0.698065429624577,1.2233048074164923
JVASP-37341,1.635675330973627,1.3726783338795585
JVASP-42076,1.263773905940253,1.380890157881174
JVASP-40811,2.308297824180642,2.363615540931204
JVASP-15851,1.2207040382406786,0.8773276299871411
JVASP-9087,0.9703537772808918,1.0581284975099368
JVASP-18346,0.17081541125590455,1.1711932858059535
JVASP-3123,1.4049595477670636,1.4295880369435754
JVASP-38217,1.1317917910848831,0.9468664473759244
JVASP-16058,0.9017677184711091,1.0625153763645478
JVASP-20821,1.2849507335648878,1.5846701631796698
JVASP-22679,1.527629183395247,1.634192011293051
JVASP-16823,0.6995323400340897,1.0386602581031497
JVASP-3918,2.1817202155612008,1.2222975407968566
JVASP-37899,1.8464901462250662,1.656978520475446
JVASP-41354,1.0033574654429185,1.1229064350962155
JVASP-29648,1.266283373938687,1.3571752813057874
JVASP-38277,1.118016340705115,1.1829979145641478
JVASP-37686,1.251582406102012,1.1398632632508696
JVASP-43046,0.1256151593838968,1.213643372376825
JVASP-26413,1.736009746077768,1.755056389516963
JVASP-14591,0.8788802636560357,1.056599038037302
JVASP-57252,1.3870765062060997,1.624791429703673
JVASP-37021,1.496633078224356,1.1321295940714708
JVASP-54694,0.8355974842980065,1.1055305812586096
JVASP-15591,1.2585282046148352,0.9924836317973694
JVASP-14855,1.698507016074972,1.4895590402148775
JVASP-43691,1.206109099315499,1.1527716634028724
JVASP-20203,0.865188936211927,1.02629514817168
JVASP-18853,1.0936491172820493,1.2738445194894514
JVASP-18728,1.8869690791586105,1.638447518285841
JVASP-11813,1.139960917186406,1.7691333472833606
JVASP-19887,1.3678321553232098,1.408249923614782
JVASP-51583,0.8302727347354115,1.0485994439591086
JVASP-29883,1.2353163459343657,1.2228413245008163
JVASP-5566,1.4509806654807635,1.6019991758665626
JVASP-18680,1.2315225949886486,1.3056633413739756
JVASP-23095,1.0049990232286286,1.7938525786704147
JVASP-18814,1.0160398238896782,1.1469272302635
JVASP-38198,1.0050644435297968,0.916216681270007
JVASP-35767,1.7479105533342878,1.5697980617185523
JVASP-344,1.9166903705925913,2.1754835640774894
JVASP-7751,2.253592676637849,1.6538561645792504
JVASP-46004,2.268982488693546,1.5632106152093859
JVASP-44383,1.413060543695606,2.000290314569103
JVASP-38160,2.665772728194,2.6613553277456488
JVASP-30281,2.2856674044229117,1.0276989383201323
JVASP-42711,1.3186959807445928,1.1741819748351703
JVASP-41864,0.9044469094667398,1.0969943017654644
JVASP-15507,1.0689510426087394,1.0423376659339816
JVASP-22287,1.2305498557412482,1.3210543780343142
JVASP-52381,1.0346296713402654,1.6919326536999855
JVASP-35456,1.0616667565044573,1.0390890549973357
JVASP-37246,2.7149865985229567,2.71388396812692
JVASP-9858,2.2129259124724685,1.654446639067833
JVASP-8130,0.42075111575441076,1.5783151906736488
JVASP-17814,1.1987001940221418,1.3198887872850893
JVASP-5386,0.2849872187870506,0.9061787309337458
JVASP-22738,1.4160323185063504,1.4553087494681376
JVASP-48540,1.2668617898410919,1.3219105195479728
JVASP-59671,0.9069954632457394,0.7228655535241282
JVASP-14534,1.9816602428518055,1.979990659061034
JVASP-17601,1.309512338573124,1.5620057065779702
JVASP-37465,1.1694004666686852,1.0586336839407526
JVASP-46711,0.3708397815581361,1.4782652160817489
JVASP-12744,1.4449774076723203,1.4099871591311426
JVASP-40280,0.7734537468917537,0.8593664137828096
JVASP-12543,2.3993833792078867,1.7161312163416518
JVASP-40366,1.0130715736339444,1.2471036045678137
JVASP-39675,1.2176457981608577,1.1850880277662614
JVASP-21054,0.8753264797338299,1.473910969272255
JVASP-30750,1.2422261369323202,1.8202491006466377
JVASP-37942,1.2481787938439326,0.8124245838280005
JVASP-5179,1.9086509010797452,1.7715196584531783
JVASP-9263,0.27685597579899734,1.0571100591777203
JVASP-62711,1.673487019947384,1.8077645441871177
JVASP-19802,1.451167065690483,1.0232797223069325
JVASP-10691,1.7872111528199581,2.247333194609401
JVASP-37333,1.1730722473633395,1.211275578730485
JVASP-8414,0.11745404280469379,1.0191547341520881
JVASP-50071,1.508492865647403,1.759662857298666
JVASP-20163,0.8876687703361188,1.1489356786114098
JVASP-44663,0.12168206647546277,1.0405218900574236
JVASP-31149,1.5749950397772308,1.5177406965134266
JVASP-37172,2.195880295106281,1.8853277183171493
JVASP-40667,1.4357539565639057,1.261349863854303
JVASP-11731,1.2401039764666164,1.1696449585008644
JVASP-36087,1.0206201204319032,0.6994837044818502
JVASP-15373,0.8579064668186258,1.1796616122846548
JVASP-37755,2.7098201406513063,1.2688666856643924
JVASP-8375,0.36341398548010095,1.1274962824345716
JVASP-35510,1.4036610957219016,1.4939850816534406
JVASP-15921,1.0808764010707361,1.0395141560200254
JVASP-48139,0.7456333439357984,1.5112271146721108
JVASP-46254,0.9835591688140601,1.122467850558431
JVASP-7786,2.25842803310699,1.366483509539101
JVASP-17792,1.057061622168998,1.2411854894597407
JVASP-15495,1.3523561738106291,1.0348361774947004
JVASP-33806,2.165570538088684,1.0140215204176222
JVASP-10075,1.62444981459786,1.3802063705059013
JVASP-13799,1.0480428805945725,1.6525021772719914
JVASP-21587,1.644217002749156,1.3291231651999484
JVASP-29503,1.3451886770426467,1.68987193609587
JVASP-14868,1.7470902007378266,1.4709142512420967
JVASP-43915,1.4780934622205837,1.3964319485015455
JVASP-40127,1.0414095242846344,1.392520655162773
JVASP-15436,1.0691775476495349,1.179074603243222
JVASP-21908,1.1680663731097534,1.3756576516569474
JVASP-14723,1.7014871356721766,1.6249039173325959
JVASP-14963,0.8978829763568998,1.1109137336496606
JVASP-37194,1.0882433438933758,1.1110660335541775
JVASP-63355,0.21775232956303092,1.2056360645806234
JVASP-20070,1.6621254365405131,1.614690126603147
JVASP-40864,1.7652927491581583,1.8250835493884452
JVASP-10216,1.3422725635997412,1.5279790699622502
JVASP-12435,1.1205418044468278,1.5197495704797945
JVASP-27812,3.721518264906445,1.2893431724700721
JVASP-11553,0.9976807847867638,1.444408490132867
JVASP-43089,1.0674883245218705,1.084005299240669
JVASP-29860,1.551450329505401,1.2117849646472194
JVASP-11159,2.0099078162433073,1.9793807500140517
JVASP-278,1.2411316305201685,1.3449812915273511
JVASP-29832,1.5411639870577287,1.4104679935878797
JVASP-66571,0.8912952448940163,1.1166894207910636
JVASP-9381,0.6909263888456711,1.6062114547409752
JVASP-17831,0.8682102166736722,1.1679167560835524
JVASP-8044,1.7529739593616696,1.767105125109789
JVASP-49780,1.1307292555710875,1.7626707708769545
JVASP-37198,1.1536740713476101,1.263015642418193
JVASP-16290,1.1597300892296853,1.265049022386099
JVASP-10698,1.1153581664798133,1.541327328944504
JVASP-78748,1.804528623365327,2.033650162658968
JVASP-16285,0.8647302647374104,1.047068630527907
JVASP-16190,0.2011281527874695,0.9185594350371508
JVASP-12170,1.035522379731616,1.4709199787433727
JVASP-48604,0.8704055361398757,0.9843358111132977
JVASP-40386,2.79267901523419,2.80487227141631
JVASP-39469,1.663845779995501,1.4803373238951996
JVASP-48578,1.2426151423141774,0.9381952921863373
JVASP-12822,1.2312206398575951,1.5642567229211592
JVASP-19651,1.3154683835104328,1.4090079270223126
JVASP-13087,1.3170456396101102,1.3945076934798761
JVASP-46518,1.1905553804337152,1.6880309960414603
JVASP-12736,1.1499624775422352,1.2183106891296256
JVASP-48372,1.3525570866051444,1.2271874066378023
JVASP-44574,0.609357198581487,1.148673355516951
JVASP-12645,0.22383099786650199,1.2202996540461661
JVASP-40770,1.6278540042628613,1.425931744760347
JVASP-40998,3.73496718556943,3.65676264343929
JVASP-15642,0.8644709245820313,1.2629969864664619
JVASP-81001,1.1898282082594591,1.3966709054095945
JVASP-43740,0.9044530483911816,0.9996823244652117
JVASP-2340,0.9290371250693755,1.0351220991897587
JVASP-16221,1.1397403883505368,1.1657062543069179
JVASP-43076,1.4813604848065016,1.7111130598320519
JVASP-2439,2.2390441469418567,2.1215271035875105
JVASP-43437,1.5557658039193818,1.1323536327169936
JVASP-11310,0.6530548745419481,1.1346847907434818
JVASP-37217,2.5853167968826747,2.6240397434068927
JVASP-35098,1.2683247987125696,1.3468879498904736
JVASP-14791,1.1640866210512422,1.0667397623447326
JVASP-30599,1.666113225156871,2.01301513501631
JVASP-15220,1.4809317947558662,1.5518839503783477
JVASP-8019,2.524796725815437,2.6855745768351653
JVASP-56652,1.2831656953374109,1.5330582953341532
JVASP-34954,1.6637853239416243,1.8011781258304935
JVASP-42383,0.9187975836404697,1.4851160343889773
JVASP-24333,1.3123758726764876,1.647981313926977
JVASP-25813,0.576325766177954,1.2156264998936765
JVASP-36255,0.05743082036820212,1.0516624522554294
JVASP-9548,0.8776883976187072,1.1671810976851411
JVASP-11725,1.3335801315716096,1.0518006578401085
JVASP-50035,2.4348161424238777,1.7163807193515879
JVASP-18519,1.0253404422061638,1.084113289415504
JVASP-17686,1.0486419161476532,1.2928150485210006
JVASP-8821,1.3549893338441732,1.5845673164785927
JVASP-10736,0.9912347405373312,1.498772637376997
JVASP-37550,2.067187977460405,2.0146971168700096
JVASP-38439,0.8321178212840875,1.1371920005841918
JVASP-20520,0.9202120188579914,1.0906350354475565
JVASP-4435,1.118968277935247,1.4212903525264786
JVASP-14062,0.9153943871264537,1.1868946788303494
JVASP-50527,1.364570705775662,1.7754092688365333
JVASP-38493,1.1581354070962784,0.859015686283394
JVASP-63245,0.7226110843325634,1.3206513310573325
JVASP-7690,1.4651670969024115,1.5156087474090914
JVASP-17321,1.249286508773589,1.1851368044067627
JVASP-37302,1.3647114987243663,0.8309781989990231
JVASP-41584,1.4067939181491564,1.5660748365515185
JVASP-14695,1.263340668214086,1.4046239499113404
JVASP-18855,1.0039502897406833,0.83393652845558
JVASP-20177,1.0434626639271312,1.5165062296231655
JVASP-15936,0.0858774956774846,1.2998740003327443
JVASP-18308,1.203820800713998,1.1053262419082976
JVASP-35383,1.7224419171017271,1.7824414464548535
